channel,title,text,url,affiliate_url,category,score,hashtags
x,【8/10 エントリー/抽選で最大100%ポイントバック】 BRIDGESTONE GOLF ブリヂストンゴルフ日本正規品 PHYZ Premium GOLD PEARL (ファイズプレミアム) ゴルフボール1ダース(12個入) 【当店在庫品】,【PR】BRIDGESTONE GOLF ブリヂストンゴルフ日本正規品 PHYZ。ランキングで見つけた売れ筋候補 レビュー847件、平均4.63の注目商品。楽天市場で価格・在庫を確認できます。 https://naokincstar.github.io/alphy-pick…,https://naokincstar.github.io/alphy-picks-site/posts/ezaki-g-10102230.html,https://hb.afl.rakuten.co.jp/hgc/g00pz5xn.i9oun2bb.g00pz5xn.i9ouo4ed/?pc=https%3A%2F%2Fitem.rakuten.co.jp%2Fezaki-g%2Fbs-phyzpm-ball%2F&m=http%3A%2F%2Fm.rakuten.co.jp%2Fezaki-g%2Fi%2F10102230%2F&rafcid=wsc_i_is_2304ef8e-980e-4cac-af29-f9e9d1cf8380,日用品・その他,75.442,#楽天ROOM #楽天市場 #週末ラウンド #買い物メモ
room,【8/10 エントリー/抽選で最大100%ポイントバック】 BRIDGESTONE GOLF ブリヂストンゴルフ日本正規品 PHYZ Premium GOLD PEARL (ファイズプレミアム) ゴルフボール1ダース(12個入) 【当店在庫品】,"【PR】
BRIDGESTONE GOLF ブリヂストンゴルフ日本正規品 PHYZ

ランキングで見つけた売れ筋候補
週末ラウンドに使いやすい候補としてメモ。レビュー847件、平均4.63の注目商品。
価格は2,980円前後。 在庫やポイント条件は楽天市場の商品ページで確認してから選べます。
#楽天ROOM #楽天市場 #週末ラウンド #買い物メモ
https://hb.afl.rakuten.co.jp/hgc/g00pz5xn.i9oun2bb.g00pz5xn.i9ouo4ed/?pc=https%3A%2F%2Fitem.rakuten.co.jp%2Fezaki-g%2Fbs-phyzpm-ball%2F&m=http%3A%2F%2Fm.rakuten.co.jp%2Fezaki-g%2Fi%2F10102230%2F&rafcid=wsc_i_is_2304ef8e-980e-4cac-af29-f9e9d1cf8380",https://naokincstar.github.io/alphy-picks-site/posts/ezaki-g-10102230.html,https://hb.afl.rakuten.co.jp/hgc/g00pz5xn.i9oun2bb.g00pz5xn.i9ouo4ed/?pc=https%3A%2F%2Fitem.rakuten.co.jp%2Fezaki-g%2Fbs-phyzpm-ball%2F&m=http%3A%2F%2Fm.rakuten.co.jp%2Fezaki-g%2Fi%2F10102230%2F&rafcid=wsc_i_is_2304ef8e-980e-4cac-af29-f9e9d1cf8380,日用品・その他,75.442,#楽天ROOM #楽天市場 #週末ラウンド #買い物メモ
x,【エントリーでP10倍＆最大100%還元】 ゴルフマット ゴルフ 練習 マット 素振り スイング ドライバー アイアン パター 練習器具 室内 屋外 人工芝 SBR 30×60cm 選べるセット品 ゴルフボール ゴルフティー,【PR】ゴルフマット ゴルフ 練習 マット 素振り スイング ドライバー アイアン パター。ドライバーやアプローチショットの練習を自宅で気軽に♪スイング練習用ゴルフトレーニングマットです♪ レビュー396件、平均4.30の注目商品。楽天市場で価格・在庫を確認できます。 ht…,https://naokincstar.github.io/alphy-picks-site/posts/auc-r-style-10000764.html,https://hb.afl.rakuten.co.jp/hgc/g00s01sn.i9oun7ad.g00s01sn.i9ouoe7b/?pc=https%3A%2F%2Fitem.rakuten.co.jp%2Fauc-r-style%2F02-09-01-30-60%2F&m=http%3A%2F%2Fm.rakuten.co.jp%2Fauc-r-style%2Fi%2F10000764%2F&rafcid=wsc_i_is_2304ef8e-980e-4cac-af29-f9e9d1cf8380,日用品・その他,67.075,#楽天ROOM #楽天市場 #週末ラウンド #買い物メモ
room,【エントリーでP10倍＆最大100%還元】 ゴルフマット ゴルフ 練習 マット 素振り スイング ドライバー アイアン パター 練習器具 室内 屋外 人工芝 SBR 30×60cm 選べるセット品 ゴルフボール ゴルフティー,"【PR】
ゴルフマット ゴルフ 練習 マット 素振り スイング ドライバー アイアン パター

ドライバーやアプローチショットの練習を自宅で気軽に♪スイング練習用ゴルフトレーニングマットです♪
週末ラウンドに使いやすい候補としてメモ。レビュー396件、平均4.30の注目商品。
価格は2,350円前後。 在庫やポイント条件は楽天市場の商品ページで確認してから選べます。
#楽天ROOM #楽天市場 #週末ラウンド #買い物メモ
https://hb.afl.rakuten.co.jp/hgc/g00s01sn.i9oun7ad.g00s01sn.i9ouoe7b/?pc=https%3A%2F%2Fitem.rakuten.co.jp%2Fauc-r-style%2F02-09-01-30-60%2F&m=http%3A%2F%2Fm.rakuten.co.jp%2Fauc-r-style%2Fi%2F10000764%2F&rafcid=wsc_i_is_2304ef8e-980e-4cac-af29-f9e9d1cf8380",https://naokincstar.github.io/alphy-picks-site/posts/auc-r-style-10000764.html,https://hb.afl.rakuten.co.jp/hgc/g00s01sn.i9oun7ad.g00s01sn.i9ouoe7b/?pc=https%3A%2F%2Fitem.rakuten.co.jp%2Fauc-r-style%2F02-09-01-30-60%2F&m=http%3A%2F%2Fm.rakuten.co.jp%2Fauc-r-style%2Fi%2F10000764%2F&rafcid=wsc_i_is_2304ef8e-980e-4cac-af29-f9e9d1cf8380,日用品・その他,67.075,#楽天ROOM #楽天市場 #週末ラウンド #買い物メモ
x,ゴルフ ネームプレート 名入れ 顔写真入り ネームタグ 【funny】 ゴルフ デザイン ゴルフバッグ キャディバッグ 名札 オーダー プレゼント ゴルフ好き 防水 ゴルフグッズ 名前 タグ おもしろ 男性 女性 コンペ景品 誕生日 還暦 退職祝い 敬老の日 ゴルフ用品 GHOGolf,【PR】ゴルフ ネームプレート 名入れ 顔写真入り ネームタグ デザイン ゴルフバッグ。ネームプレート 名入れ ネームタグ 名入れ アクリル キーホルダー 記念。 レビュー21件、平均4.90の注目商品。楽天市場で価格・在庫を確認できます。 https://naokincs…,https://naokincstar.github.io/alphy-picks-site/posts/nonbiriya-10003733.html,https://hb.afl.rakuten.co.jp/hgc/g00prb2n.i9oun55f.g00prb2n.i9ouo36c/?pc=https%3A%2F%2Fitem.rakuten.co.jp%2Fnonbiriya%2Fgho-tagfunny-golf%2F&m=http%3A%2F%2Fm.rakuten.co.jp%2Fnonbiriya%2Fi%2F10003733%2F&rafcid=wsc_i_is_2304ef8e-980e-4cac-af29-f9e9d1cf8380,食品・スイーツ,66.833,#楽天ROOM #楽天市場 #週末ラウンド #買い物メモ
room,ゴルフ ネームプレート 名入れ 顔写真入り ネームタグ 【funny】 ゴルフ デザイン ゴルフバッグ キャディバッグ 名札 オーダー プレゼント ゴルフ好き 防水 ゴルフグッズ 名前 タグ おもしろ 男性 女性 コンペ景品 誕生日 還暦 退職祝い 敬老の日 ゴルフ用品 GHOGolf,"【PR】
ゴルフ ネームプレート 名入れ 顔写真入り ネームタグ デザイン ゴルフバッグ

ネームプレート 名入れ ネームタグ 名入れ アクリル キーホルダー 記念。
週末ラウンドに使いやすい候補としてメモ。レビュー21件、平均4.90の注目商品。
価格は3,960円前後。 在庫やポイント条件は楽天市場の商品ページで確認してから選べます。
#楽天ROOM #楽天市場 #週末ラウンド #買い物メモ
https://hb.afl.rakuten.co.jp/hgc/g00prb2n.i9oun55f.g00prb2n.i9ouo36c/?pc=https%3A%2F%2Fitem.rakuten.co.jp%2Fnonbiriya%2Fgho-tagfunny-golf%2F&m=http%3A%2F%2Fm.rakuten.co.jp%2Fnonbiriya%2Fi%2F10003733%2F&rafcid=wsc_i_is_2304ef8e-980e-4cac-af29-f9e9d1cf8380",https://naokincstar.github.io/alphy-picks-site/posts/nonbiriya-10003733.html,https://hb.afl.rakuten.co.jp/hgc/g00prb2n.i9oun55f.g00prb2n.i9ouo36c/?pc=https%3A%2F%2Fitem.rakuten.co.jp%2Fnonbiriya%2Fgho-tagfunny-golf%2F&m=http%3A%2F%2Fm.rakuten.co.jp%2Fnonbiriya%2Fi%2F10003733%2F&rafcid=wsc_i_is_2304ef8e-980e-4cac-af29-f9e9d1cf8380,食品・スイーツ,66.833,#楽天ROOM #楽天市場 #週末ラウンド #買い物メモ
